*rename  ACOR     ACOR_2PS  2000  1  9  0  0  2007  3 18  0  0
*rename  ACOR     ACOR_3PS  2007  3 18  0  0  2100  1  1  0  0
 rename  ALGO     ALGO_1PS  2012 12 19 23 58  2100  1  1  0  0
 rename  AMC2     AMC2_1PS  2007  6 22 23 58  2100  1  1  0  0
 rename  BAHR     BAHR_1PS  2007  3 27  0  1  2100  1  1  0  0
 rename  BJFS     BJFS_1PS  2011  3 10 23 59  2100  1  1  0  0
 rename  BRUS     BRUS_1PS  2000  3 26 23 58  2011  7 22 23 57
 rename  BRUS     BRUS_2PS  2011  7 22 23 57  2100  1  1  0  0
 rename  CAGZ     CAGZ_1PS  2011  3  4 23 58  2100  1  1  0  0
 rename  CASC     CASC_1PS  2008  2 29 23 57  2100  1  1  0  0
 rename  CHWK     CHWK_1PS  2008  1 24 23 58  2100  1  1  0  0
 rename  DUBO     DUBO_1PS  1999 10  4 23 57  2100  1  1  0  0
 rename  ELAT     ELAT_1PS  2004 11 30 23 59  2100  1  1  0  0
 rename  GLSV     GLSV_1PS  2007 11 12 23 58  2100  1  1  0  0
 rename  GRAZ     GRAZ_1PS  2005  3 22  0  1  2005 11  2  0  1
 rename  GRAZ     GRAZ_2PS  2005 11  2  0  1  2100  1  1  0  0
 rename  HERS     HERS_1PS  2010  8 19  0  1  2100  1  1  0  0
 rename  HOB2     HOB2_1PS  2004 12 26  0  1  2100  1  1  0  0
 rename  HRAO     HRAO_1PS  2004 11 18 23 58  2006  2 23  0  2
 rename  HRAO     HRAO_2PS  2006  2 23  0  2  2008  2 14  0  0
 rename  HRAO     HRAO_3PS  2008  2 14  0  0  2009  1 15  0  2
 rename  HRAO     HRAO_4PS  2009  1 15  0  2  2100  1  1  0  0
 rename  HYDE     HYDE_1PS  2004 12 26  0  1  2007 11 26  0  0
 rename  HYDE     HYDE_2PS  2007 11 26  0  0  2012  4 11  0  1
 rename  HYDE     HYDE_3PS  2012  4 11  0  1  2100  1  1  0  0
 rename  KABR     KABR_1PS  2000  5 13  0  1  2100  1  1  0  0
 rename  KELY     KELY_1PS  2001  9 14  0  0  2010  6  8  0  1
 rename  KELY     KELY_2PS  2010  6  8  0  1  2100  1  1  0  0
 rename  KIRU     KIRU_1PS  2013  2 20  0  1  2100  1  1  0  0
 rename  KOUR     KOUR_1PS  2000  3  7  0  1  2002  1 29 23 58
 rename  KOUR     KOUR_2PS  2002  1 29 23 58  2006  7  4  0  0
 rename  KOUR     KOUR_3PS  2006  7  4  0  0  2100  1  1  0  0
 rename  LHAZ     LHAZ_1PS  2008 10  6  0  2  2100  1  1  0  0
 rename  MAD2     MAD2_1PS  2011  1 18  0  2  2100  1  1  0  0
 rename  MADR     MADR_1PS  2011  1 18  0  2  2100  1  1  0  0
 rename  MAS1     MAS1_1PS  2008  7  6 23 59  2012  6 18 23 59
 rename  MAS1     MAS1_2PS  2012  6 18 23 59  2100  1  1  0  0
 rename  MAT1     MAT1_1PS  2009  6  3  0  1  2100  1  1  0  0
 rename  MATE     MATE_1PS  2008 11 21  0  0  2100  1  1  0  0
 rename  POL2     POL2_1PS  2001 11 12 23 58  2009 10 23  0  0
 rename  POL2     POL2_2PS  2009 10 23  0  0  2100  1  1  0  0
 rename  POTS     POTS_1PS  2011  2 15  0  1  2100  1  1  0  0
 rename  QAQ1     QAQ1_1PS  2003  3  4 23 58  2100  1  1  0  0
 rename  RIGA     RIGA_1PS  2005  1 13  0  1  2006  5 21 23 59
 rename  RIGA     RIGA_2PS  2006  5 21 23 59  2007 12 15 23 57
 rename  RIGA     RIGA_3PS  2007 12 15 23 57  2100  1  1  0  0
 rename  STJO     STJO_1PS  2013  1 31 23 59  2100  1  1  0  0
 rename  STR2     STR2_1PS  2011 12  8  0  1  2100  1  1  0  0
 rename  SUTM     SUTM_1PS  2013  5  8  0  2  2100  1  1  0  0
 rename  SVTL     SVTL_1PS  2008 10 22 23 58  2100  1  1  0  0
 rename  WES2     WES2_1PS  2000  8 21 23 57  2001  7 26 23 58
 rename  WES2     WES2_2PS  2001  7 26 23 58  2014  6 24 23 58
 rename  WES2     WES2_3PS  2014  6 24 23 58  2100  1  1  0  0
 rename  WTZR     WTZR_1PS  2010  6 29 23 59  2100  1  1  0  0
 rename  WTZZ     WTZZ_1PS  2011  2  3 23 59  2100  1  1  0  0
 rename  WUHN     WUHN_1PS  2002  1 25 23 58  2013 11 17 23 58
 rename  WUHN     WUHN_2PS  2013 11 17 23 58  2100  1  1  0  0
 rename  YAR2     YAR2_1PS  2002  5 15 23 58  2100  1  1  0  0
 rename  ZWE2     ZWE2_1PS  2007  6 13  0  2  2100  1  1  0  0
*
 rename  LPGS     LPGS_1PS  2010  2 27  0  2  2100  1  1  0  0
