*rename  ACOR     ACOR_2PS  2000  1  9  0  0  2007  3 18  0  0
*rename  ACOR     ACOR_3PS  2007  3 18  0  0  2100  1  1  0  0
 rename  AIRA     AIRA_1PS  2003  2 19 12  1  2100  1  1  0  0
 rename  ALGO     ALGO_1PS  2012 12 15 12  1  2100  1  1  0  0
 rename  AUCK     AUCK_1PS  2005 11  4 12  2  2100  1  1  0  0
 rename  BAN2     BAN2_1PS  2004 12 26 11 58  2100  1  1  0  0
 rename  BARH     BARH_1PS  2007  4 25 12  0  2100  1  1  0  0
 rename  BJFS     BJFS_1PS  2011  3 11 11 59  2100  1  1  0  0
 rename  CHAN     CHAN_1PS  2008  1  1 12  2  2011  3 11 11 59
 rename  CHAN     CHAN_2PS  2011  3 11 11 59  2100  1  1  0  0
 rename  DAEJ     DAEJ_1PS  2011  3 11 11 59  2100  1  1  0  0
 rename  DUBO     DUBO_1PS  1999 10  5 11 57  2100  1  1  0  0
 rename  EPRT     EPRT_1PS  2002  1 31 11 59  2100  1  1  0  0
 rename  GOLD     GOLD_1PS  2000  6 30 11 59  2100  1  1  0  0
 rename  GRAZ     GRAZ_1PS  2001  5  8 12  2  2005 11  2 12  1
 rename  GRAZ     GRAZ_2PS  2005 11  2 12  1  2100  1  1  0  0
 rename  GUAM     GUAM_1PS  2002  4 28 12  1  2100  1  1  0  0
 rename  GUAT     GUAT_1PS  2008  8  8 12  0  2100  1  1  0  0
 rename  HERS     HERS_1PS  2010  8 19 12  1  2100  1  1  0  0
 rename  HOFN     HOFN_1PS  2001  9 22 12  1  2014  8 25 12  2
 rename  HOFN     HOFN_2PS  2014  8 25 12  2  2100  1  1  0  0
 rename  HRAO     HRAO_1PS  2008  2 14 11 57  2100  1  1  0  0
 rename  IISC     IISC_1PS  2004 12 26 11 58  2100  1  1  0  0
 rename  KARA     KARA_1PS  2000  3 10 11 59  2100  1  1  0  0
 rename  KELY     KELY_1PS  2001  9 15 12  0  2100  1  1  0  0
 rename  KERG     KERG_1PS  2008  9  5 11 59  2100  1  1  0  0
 rename  KOKB     KOKB_1PS  2002 10 15 11 59  2004  5 28 12  1
 rename  KOKB     KOKB_2PS  2004  5 28 12  1  2100  1  1  0  0
 rename  KOUR     KOUR_1PS  2002  1 16 12  2  2008  1 16 12  0
 rename  KOUR     KOUR_2PS  2008  1 16 12  0  2100  1  1  0  0
 rename  LAMP     LAMP_1PS  2010  2 17 12  1  2014  4 12 11 58
 rename  LAMP     LAMP_2PS  2014  4 12 11 58  2014  8 17 12  1
 rename  LAMP     LAMP_3PS  2014  8 17 12  1  2100  1  1  0  0
 rename  LHAZ     LHAZ_1PS  2008 10  6 11 59  2100  1  1  0  0
 rename  MAS1     MAS1_1PS  2012  6 19 12  1  2100  1  1  0  0
 rename  METS     METS_1PS  2010  8 23 12  2  2100  1  1  0  0
 rename  MKEA     MKEA_1PS  2006 10 16 11 59  2100  1  1  0  0
 rename  MQZG     MQZG_1PS  2010  9  4 11 58  2011  2 22 12  2
 rename  MQZG     MQZG_2PS  2011  2 22 12  2  2011  6 13 12  2
 rename  MQZG     MQZG_3PS  2011  6 13 12  2  2100  1  1  0  0
 rename  MTJO     MTJO_1PS  2004 12 19 12  1  2009  7 15 12  1
 rename  MTJO     MTJO_2PS  2009  7 15 12  1  2100  1  1  0  0
 rename  NNOR     NNOR_1PS  2012 12  5 12  2  2100  1  1  0  0
 rename  OUS2     OUS2_1PS  2002  5  1 12  1  2009  7 15 12  1
 rename  OUS2     OUS2_2PS  2009  7 15 12  1  2011  6 23 11 58
 rename  OUS2     OUS2_3PS  2011  6 23 11 58  2100  1  1  0  0
 rename  PERT     PERT_1PS  2012 10 24 11 59  2100  1  1  0  0
 rename  SFER     SFER_1PS  2003  6  5 12  1  2014  8 17 12  1
 rename  SFER     SFER_2PS  2014  8 17 12  1  2100  1  1  0  0
 rename  STR1     STR1_1PS  1999  6 23 11 58  2003 11  6 12  2
 rename  STR1     STR1_2PS  2003 11  6 12  2  2100  1  1  0  0
 rename  SUTM     SUTM_1PS  2013  5  8 12  2  2100  1  1  0  0
 rename  SUWN     SUWN_1PS  2011  3 11 11 59  2100  1  1  0  0
 rename  TRO1     TRO1_1PS  2004  7 13 11 59  2010  7 27 11 58
 rename  TRO1     TRO1_2PS  2010  7 27 11 58  2100  1  1  0  0
 rename  ULAB     ULAB_1PS  2011  9 27 12  2  2100  1  1  0  0
 rename  URUM     URUM_1PS  2005  6 30 11 59  2008  9 18 11 59
 rename  URUM     URUM_2PS  2008  9 18 11 59  2100  1  1  0  0
 rename  WES2     WES2_1PS  2000  8 22 11 59  2100  1  1  0  0
 rename  WUHN     WUHN_1PS  2002  1 26 11 58  2100  1  1  0  0
